distance,fare,fuel_price,mileage,weight,profit
960.94,29927,96.25,14.89,848,15839
331.86,14708,88.8,10.03,15210,7960
1209.7,47024,98.21,7.98,20974,23154
1211.66,36825,104.09,10.11,21919,10088
1058.33,21109,94.84,14.88,1470,7061
558.42,18621,96.01,15.19,6364,9753
1484.34,55650,104.71,10.14,19236,30600
320.42,17240,114.29,6.01,28293,6740
844.25,22946,105.54,14.54,7956,8005
168.93,8512,111.76,9.48,18861,2463
22.16,8210,108.45,8.89,21650,5802
1314.4,47631,103.02,12.38,7975,24897
1144.95,24932,111.36,10.68,16227,918
464.73,9884,114.34,16.73,1832,2537
715.55,21859,95.95,11.6,16539,8205
1492.75,34486,101.14,9.54,19531,5211
111.13,7173,94.87,10.89,18970,4430
1403.59,48389,102.18,11.13,17174,24357
1094.97,32599,117.52,8.05,20234,6080
635.71,19974,95.49,14.46,8428,9893
1453.65,44419,113.46,5.73,27798,4102
401.48,24623,101.65,7.92,23544,14583
1453.22,33535,104.27,10.94,17417,3792
124.77,4097,105.85,14.64,5656,1143
631.74,20269,103.68,11.45,17552,8509
477.68,27141,90.18,8.35,22581,17331
1321.89,52358,99.09,6.18,26390,15237
1226.57,26850,107.9,14.3,9051,7381
1077.83,31261,107.03,13.23,6188,13388
10.3,7921,107.11,7.57,23156,6248
1356.37,31219,113.04,10.78,16413,2095
1348.89,45119,95.49,12.68,6381,22099
1297.59,35069,112.32,7.38,29289,-165
1217.07,43545,111.62,12.13,8077,20713
1194.04,31282,88.71,12.78,6905,11363
1471.82,54357,116.18,9.47,16133,22210
1094.17,30222,106.19,12.87,9479,10661
809.99,23590,110.26,9.31,21611,5561
1081.03,29321,97.28,12.7,9080,12001
1354.69,29062,97.03,9.98,18504,2612
666.03,22605,102.2,15.04,6490,12428
1228.54,30122,108.18,7.65,22559,1602
624.59,21017,93.83,10.28,18930,8925
164.35,6820,93.28,13.1,12812,2719
1003.03,43448,105.86,7.47,29638,17366
1346.33,37816,102.24,7.83,22335,5970
120.84,5240,96.15,12.58,8643,2596
614.36,22626,100.47,9.68,16324,8437
573.67,19070,98.55,16.67,276,9716
334.71,10594,101.08,12.37,6661,5024
935.27,17876,99.82,15.89,906,4754
321.43,14140,110.84,12.35,9873,8505
1499.86,47891,107.5,13.32,10564,22357
193.7,13736,104.92,8.45,20117,8286
1229.86,39183,91.24,4.93,28945,2797
1037.47,40196,91.06,10.53,18855,19902
645.43,25675,103.18,11.8,11180,12624
1062.43,29451,110.01,13.02,13121,10029
406.25,19407,112.92,6.24,25566,7248
1277.17,32971,94.36,15.05,5537,13412
132.99,11691,102.66,9.56,21630,8128
1039.22,30956,105.45,12.83,9256,12599
380.85,12029,93.78,13.62,3708,6027
1465.03,34951,96.49,9.54,15787,10768
1461.57,53135,108.92,9.33,16645,20284
280.62,9715,116.23,15.39,1636,5151
846.45,29585,117.82,11.79,9185,13145
666.87,27939,117.7,6.81,25819,7942
992.34,19575,93.21,13.13,4796,3746
1055.97,38066,108.62,12.71,13676,16511
973.21,27168,112.8,5.63,27262,-2829
1034.57,31268,116.28,8.99,21022,9650
141.53,18119,113.08,6.61,28861,13125
708.4,26766,115.48,8.52,19580,11118
1006.85,34519,97.89,8.0,25746,10891
488.29,27401,100.13,6.34,29109,14310
1135.88,39403,110.8,8.84,18800,13332
915.26,26659,92.75,13.73,7255,9281
1249.05,34595,109.5,11.03,15001,9818
1383.19,37613,114.38,11.99,15296,9001
427.84,13319,105.61,14.49,9027,5711
685.74,21448,93.66,13.35,9721,10130
1218.06,46012,107.91,13.08,11644,25762
1311.91,43648,103.78,11.45,13265,20199
511.15,25394,107.5,10.12,20812,14081
1309.21,44889,90.05,16.0,1173,25068
1309.51,30092,108.82,12.75,13366,8290
851.06,36212,93.1,6.8,23796,15387
384.7,15851,88.28,14.34,7734,9753
960.21,24229,95.5,12.77,12787,8632
1489.07,36906,117.34,13.5,8927,8168
747.61,28410,96.59,7.85,27134,9794
990.48,35119,106.85,8.82,25166,12771
446.19,22333,93.27,7.41,22450,10246
1237.91,32388,112.19,11.9,14507,8249
1087.7,38026,117.02,7.11,29400,10210
1010.15,24213,112.67,11.46,17578,3715
335.94,8615,112.72,16.56,1990,2617
150.3,14650,92.07,6.98,26629,9280
625.25,22158,102.68,14.7,3061,11755
153.54,9551,104.33,10.57,20602,5136
995.84,35847,105.91,8.14,19287,14032
314.7,9509,114.09,13.3,6557,3748
379.73,9289,107.83,12.81,5317,3122
1113.87,39894,110.37,10.65,15830,18818
1175.92,45116,103.64,7.2,26023,16598
1365.0,26928,90.42,15.56,2297,5499
798.18,29736,106.16,10.24,13666,12299
680.07,18588,98.17,13.55,6932,7049
1384.86,28284,112.95,14.08,2107,3074
497.82,17152,98.61,15.24,3755,7810
868.99,20148,107.7,13.02,6461,3828
1268.51,41609,112.55,6.59,29239,4541
1055.53,37896,98.19,11.41,9339,20998
1120.44,29910,100.59,13.35,6532,10399
240.33,12822,108.22,9.13,18573,6775
647.72,20707,108.35,13.1,8569,9244
320.79,7689,95.67,14.08,4203,2437
1250.86,27482,90.16,9.02,24205,-982
1065.7,30281,91.46,10.37,12589,8905
1267.5,33436,105.67,13.61,7375,13496
175.47,11701,115.18,10.43,15348,7572
905.59,35307,107.67,7.42,22830,10833
848.92,28361,106.74,10.73,19095,12920
88.98,8088,97.31,10.77,15269,4769
763.07,29627,104.63,12.23,13935,14364
230.54,6506,91.11,16.55,1950,3014
661.94,19687,92.76,10.38,15730,6465
103.54,4453,108.35,14.38,2926,1770
216.44,9107,117.03,13.08,10560,3949
1220.71,42697,112.87,10.0,20136,17116
274.49,7542,116.43,13.79,6504,1898
1253.5,44214,89.13,6.67,26522,16319
1214.52,37243,101.13,14.05,5050,18594
803.35,28600,112.26,12.79,9353,11286
575.9,21550,116.99,11.66,15871,9234
158.37,11092,113.53,6.89,25392,5041
336.95,10755,98.49,10.05,13589,3487
1396.58,34652,107.5,8.48,25191,1151
675.66,22133,90.38,15.18,257,11465
455.22,12311,100.59,16.37,1528,4319
366.7,9608,100.88,14.88,4393,3926
791.46,24244,117.65,11.07,15269,6608
1183.84,40993,109.99,12.91,10410,22215
266.76,17172,101.94,8.79,23396,10391
70.49,4895,89.26,15.28,6064,3277
538.68,17242,113.97,7.68,23447,1340
1460.72,45318,102.93,12.29,14936,20455
820.48,22554,90.4,13.25,9704,9004
1305.71,50179,117.94,11.78,10642,25688
1020.72,36817,92.28,6.79,28588,12812
853.03,27943,108.37,11.28,18192,10724
378.17,10707,110.07,14.83,3492,4159
431.94,22192,102.74,5.7,27503,8905
1269.05,38870,98.42,11.48,9656,13386
1191.58,30489,91.64,10.0,15312,9408
829.71,36061,90.59,9.3,18397,18526
1458.71,43081,101.5,10.1,19306,12414
651.76,19177,89.66,5.76,27330,1232
1342.91,41810,95.52,7.94,25393,13329
1412.7,42159,107.76,15.09,4710,17712
963.97,30405,107.53,11.02,17345,10711
727.0,18346,108.55,7.34,24160,168
472.31,20717,110.03,9.89,21579,10150
404.87,12746,90.9,12.87,7513,5542
868.64,26368,110.89,12.84,9450,12359
1450.2,41314,98.59,12.47,6533,15818
649.24,23181,109.83,7.96,26485,7785
758.86,26999,96.39,9.82,22956,10381
1408.73,41342,93.97,8.47,22673,14604
911.36,26160,97.84,11.17,15514,9039
800.85,27228,96.99,9.85,21291,8918
1033.63,33006,102.24,17.1,897,16581
945.39,31228,113.24,8.73,18630,10357
231.39,16630,100.31,9.91,20746,11689
490.95,19013,103.76,8.81,19901,7507
966.75,28365,106.3,8.13,20830,5328
314.88,19197,97.51,8.49,21179,11869
1470.34,39832,116.64,8.72,24569,6151
721.22,22992,104.16,15.25,6142,10520
798.91,27878,89.57,9.35,19175,12413
613.33,25742,114.35,6.58,28057,7571
863.33,32504,109.69,11.94,16101,15156
598.51,26654,116.1,12.42,14912,15311
430.42,26943,104.3,6.09,29674,15443
691.08,24526,93.59,14.11,7792,12968
1241.35,29524,90.6,11.34,15507,10098
1131.87,30801,97.06,7.13,28626,5948
611.1,17332,114.85,11.57,15125,4652
204.69,6905,110.43,14.76,4680,3044
374.96,18083,114.19,7.19,22667,8189
760.7,23906,92.5,9.74,17224,9637
1213.99,27287,103.4,11.32,13658,2245
1119.98,29469,89.36,9.74,17392,8694
616.26,24535,110.97,9.74,23092,9071
566.59,22011,107.85,9.28,20514,9256
337.92,10315,88.68,15.33,204,4600
417.1,21305,109.75,5.46,28129,7528
155.84,3645,105.93,16.24,1104,601
89.38,6746,96.68,11.89,15166,4205
